text,source,url,notes,label,second_label,second_confidence,agree
"oh and if it helps im upgrading his tank's light, fertilizers, co2 routine and adding more plants so they may have more chances to escape when the plants fill in, theyre all pretty bad rn since i just redid the tank maybe a month back to add aquasoil",reddit/r/bettafish/comments,https://reddit.com/r/bettafish/comments/10068ya,,anecdote,anecdote,medium,True
"TL;DR My betta new is flaring constantly despite efforts to reduce his stress. I'm okay with him just being an a-hole I just don't want him to die of stress. 

Rest of the story:

I impulse bought a betta. I have multiple other aquariums with pre-seeded filters, conditioned water, plenty of floating plants and planted plants. ""Impulse"" - saw him at the LFS and thought he was 100% the most beautiful fish I have ever laid eyes upon. A week later I was in the same town (35 miles from home) and told my husband if we went by there and he was there I would get him. My husband said, well - we should go by and find out. Hubs also thought he was lovely and got him a 5 gallon tank.

So when I saw him again, he was murdering a guppy when I got there. No problem. Makes perfect sense. These are fighting fish.

My home hospital tank has floating plants and mulm. I feel like a fully cycled hospital tank with a bit of nature (albeit ugly) it is better than keeping a completely sterile hospital tank since I quarantine new fish for safety of all the fish but I don't want them to spend more than a week an a stressful environment. There are neocardina in there (I have them in a couple other tanks) and sometimes hitchhikers happen so I don't get too upset if they become high quality food.

Well, this boy comes in and is hypervigilant. Attacking anything that moves. Not hungry, just killing. I removed the floating plants (holds baby shrimp) and he killed the couple left over shrimp. I reduced light. Now he is in his new tank, cycled with a pre-seeded sponge filter, live fern plants and a smooth cave for now. I have more decor for his comfort arriving soon.  

He moves, postures, moves, postures again. He is lovely but I am so worried he is stressed out. I don't see him resting. **I guess he isn't behaving how I expect so I'm worried I'm harming him**. I read to put a towel on the top of the tank for a couple days to reduce stress and let them get acclimated, so now there is a towel on top of his tank. 

I guess what I'm asking for is either advice on what I should do different, or insight on why this is not abnormal behavior. He is loved. We can accept he might be a grade A a-hole but I want him to be a happy and healthy a-hole.",reddit/r/bettafish/comments,https://reddit.com/r/bettafish/comments/18l1qfj,,anecdote,anecdote,high,True
"Betta fish vanished

I bought a king male from my fish store and it was acting weird since I bought it (had for 3 days) never saw it eat more than a few pieces of food . I went to bed last night and was turning off all the lights he was still in their and theirs only a tiny gap where he could’ve jumped out and when I came in the morning it was gone. I completely drained the tank searched the filter the hides behind and under the stand and it is nowhere. I have dogs but the fish room stays closed all the time so them finding it after it jumped out is highly unlikely im just super confused cause ive had another one disappear before but thought it just happened somehow (never found that one either) has this happened to anyone else before?",reddit/r/bettafish,https://reddit.com/r/bettafish/comments/18veig8/betta_fish_vanished/,,anecdote,anecdote,high,True
"Tank finished cycling

My tank fully is fully cycled today.
20 Gallon
Sponge Filter
80f 

Ammonia 0
Nitrites 0
Nitrates 0
Ph 6.8-7.0

Should I get my betta today? What else could I do to prepare for my new little baby? 

Also, for food I have Omega One bloodworms, flakes, and pellets.",reddit/r/bettafish,https://reddit.com/r/bettafish/comments/1hqq8bf/tank_finished_cycling/,,anecdote,anecdote,high,True
"Stocking for Fluval Flex 32.5

Amano shrimp - 10
Pom pom crab- 5
Vampire shrimp -1

Hillstream loach - 3
Panda garra -3
Otocinclus - 7
Tail spot pygmy cory- 20
Siamese algae eater- 1

King koopa nerite - 5
White mystery snail - 1

And yes I understand the SAE will outgrow the tank, I plan to constantly keep 1 small one and transfer the larger to other tanks.",reddit/r/Aquariums,https://reddit.com/r/Aquariums/comments/18vi6mi/stocking_for_fluval_flex_325/,,analysis,anecdote,high,False
"He’s been keeping fish for several years and has done pretty well. Over the last year he’s been doing a lot of reading and research and really wanted a planted tank. For Christmas we surprised him with a new 75 gallon.  He just filled it and set up the filter (with some help from me) and he couldn’t be more excited to plant it soon and add fish in a few weeks. He is hoping to get some German blue rams, Cory’s, tetras, and some bristle nose pleckos.  

I’d like to hear some other fish suggestions, and plant suggestions for that matter, if anyone would like to offer some up.  Thank in advance.",reddit/r/Aquariums/comments,https://reddit.com/r/Aquariums/comments/rt5qfs,,anecdote,anecdote,high,True
"Thank you for posting to r/bettafish. If you are new to betta fish keeping, please check out our [caresheet](https://www.reddit.com/r/bettafish/comments/3ow6vz/info_betta_care_sheet/) and [wiki](https://www.reddit.com/r/bettafish/wiki/index). Establishing a nitrogen cycle is an important part of keeping your fish healthy. Please check out our [guide to the nitrogen cycle](https://www.reddit.com/r/bettafish/wiki/fishincycle) to learn more. 

If you are posting to find out what is wrong with your betta, please answer the following questions in a reply to this comment as best you can:

* **Tank size**:
* **Heater and filter? (yes/no)**:
* **Tank temperature**:
* **[Parameters in numbers and how you got them](https://www.reddit.com/r/bettafish/wiki/tank#wiki_test_kits)**:
* **How long have you had the tank? How long have you had your fish?**:
* **How often are water changes? How much do you take out per change? What is your process?**:
* **Any tankmates? If so, please list with how many of each**:
* **What do you feed and how much**:
* **Decorations and plants in the tank**:
* **If you haven't already posted a picture, please post pics/vids to imgur and paste the link here**:

Feel free to copy this comment and fill in the blanks. 

Failure to provide adequate information about your tank *can* result in post removal. Please see rule 4 for more information. 


*I am a bot, and this action was performed automatically. Please [contact the moderators of this subreddit](/message/compose/?to=/r/bettafish) if you have any questions or concerns.*",reddit/r/bettafish/comments,https://reddit.com/r/bettafish/comments/18vioj7,,analysis,analysis,high,True
"So yeah ! Long story short, I had one beta before this two. I was looking for some shrimps for one of my aquarium and saw this two guys. I was heartbroken. I didn't think a lot and took  them with me.  

They were in a water full of dejection and ammoniac. I put them in hospital in my main tank and feed them with bloodworm. I asked if one of my friend had a spare aquarium for me and found one ! Now, Comet is in my tank with other fishes and Nebula in his own tank :) They're happy and looks more colorful everyday.",reddit/r/bettafish/comments,https://reddit.com/r/bettafish/comments/1005q9h,,anecdote,anecdote,high,True
When you get your test strips I would also recommend testing your tap water (assuming you bought the fish locally) sometimes the “ideal” pH for a fish could be wrong if they’ve been raised in something else,reddit/r/bettafish/comments,https://reddit.com/r/bettafish/comments/zzly9c,,analysis,analysis,high,True
"Just a heads up that plant you have at the back of the tank looks like a ribbon plant which isn’t actually aquatic, it might die back there! Beautiful setup otherwise, don’t listen to your dad",reddit/r/bettafish/comments,https://reddit.com/r/bettafish/comments/zzkwb8,,anecdote,analysis,medium,False
"CO2 jbl proflora advanced set M

need advice.

i bought the CO2 jbl proflora advanced set M 2 days ago.

i have set it up and putted 15bubbles a minute, been checking it every time i'm home. now today i came home to the co2 going crazy and blasting crazy amounts of bubbles... aftermath all my fish dead...

refreshed 50% of the water and saved my shrimp this way but still not a good ending of the year.

now i'm wondering is it something i did wrong ? or is something wrong with the system.",reddit/r/Aquascape,https://reddit.com/r/Aquascape/comments/1hq1j95/co2_jbl_proflora_advanced_set_m/,,anecdote,anecdote,high,True
My tank sits at 40ppm a lot and sometimes gets up to 80ppm with my tetras. This isn't the smoking gun you think it is. The fact you said the ammonia went down to 0 means it was at some other level you haven't revealed yet. Any ammonia above .25ppm is a sign your bacteria aren't keeping up or something caused by the mass death of bacteria. Depending on your PH even 1ppm can be deadly and cause what you described.,reddit/r/Aquariums/comments,https://reddit.com/r/Aquariums/comments/18vdjed,,analysis,analysis,high,True
"You can try putting a sponge over the intake. It'll keep fish from getting stuck to it, too. Or you can switch to a sponge filter entirely and ditch the HOB filter.",reddit/r/Aquariums/comments,https://reddit.com/r/Aquariums/comments/1005ts0,,analysis,analysis,high,True
"Seachem flourite sand

First time posting here.

I have recently got back into the aquarium hobby and just set up my new tank. I did some looking around as well as talking with some friends about substrate for planted tank. One recommended Seachem Flourite sand, so I went with red color. I rinsed and rinsed and I guess I didn't do it enough and now if i even touch the substrate to make an adjustment or to clean it make a cloud so big that takes a long time to clear. I have filter floss already in the tank witch helps, but would also like to be able to move stuff without that worry. 

I'm asking if I should take the loss and rebuild my tank with a different substrate witch is annoying cause it's just about to finish cycling lol, if so what do you recommend.

or 

Maybe cover it with a different substrate and use it as a bottom. if so what do you recommend?

or

Also I have Monte Carlo growing right now so (hopefully) the cover should solve that problem?",reddit/r/PlantedTank,https://reddit.com/r/PlantedTank/comments/1hqm3yy/seachem_flourite_sand/,,anecdote,anecdote,medium,True
"Lego in shrimp tank? 🤔

I've seen Legos are aquarium safe, I recently built a very pretty flower themed Cafe and would love to make a small planted cube with it. Lots of red and pink plants. Thoughts? I've always had very natural tanks (planted and some walstad) but this is camp and I kind of want the shrimp Cafe to happen lmao",reddit/r/shrimptank,https://reddit.com/r/shrimptank/comments/18veiqd/lego_in_shrimp_tank/,,anecdote,anecdote,high,True
"Advice

Hi friends, 
I am currently treating one of my beautiful corydora catfish with popeye. He was rehomed to me and my boyfriend almost a year ago. When he was rehomed, we were told that he had popeye before but it was treated. 
Anyway, I have had him in a 10 gal alone with melafix for about two to three weeks now. How do I know when his popeye is actually treated?",reddit/r/Aquariums,https://reddit.com/r/Aquariums/comments/rt2ace/advice/,,anecdote,anecdote,high,True
"It’s about intensity of light and how long they stay on. 

But ultimately how long the lights are one will have a stronger effect. 

You can wipe out a lot of algae by putting a towel over your tank for a few days and let it sit in darkness. 

Things that effect algae are 

Power of lights
Duration of lights
Silica in the water contributes to diatoms
Water flow
and phosphates",reddit/r/Aquariums/comments,https://reddit.com/r/Aquariums/comments/rt6ldh,,analysis,analysis,high,True
"I love aponogetons, honestly i think that one got big bc of the tank it was in. I dont have any special lighting for it so i assume aponogetons just grow as tall as the tank theyre in",reddit/r/Aquariums/comments,https://reddit.com/r/Aquariums/comments/rt32ri,,anecdote,anecdote,high,True
"You can’t keep a single Molly in a 5g tank; they require more swimming room, they get too big, and they are schooling fish. You’re better to return it to the fish store.",reddit/r/Aquariums/comments,https://reddit.com/r/Aquariums/comments/18viicr,,analysis,analysis,high,True
"I use T5 6500K LED for all of my planted tanks in my racks, just generic stuff from Amazon, plants are doing great, the lights are 1/4 the cost, the luminance and color rendition is excellent.",reddit/r/PlantedTank/comments,https://reddit.com/r/PlantedTank/comments/zzwzf6,,analysis,anecdote,medium,False
"If you are going for dwarf shrimp like RCS, 5 adult shrimp (and countless shrimplets) to a gallon a well planted, filtered cube tank with soil and moss is going to be able to support more shrimp than a tall unfiltered tank with sand, rocks, and a couple leafy plants.",reddit/r/Aquariums/comments,https://reddit.com/r/Aquariums/comments/18vjk74,,analysis,analysis,high,True
"They can also become territorial, especially in smaller tanks. This is why they are recommended for large tanks. In a large tank they can pick a corner and claim it as their own. But in a smaller tank they will claim the whole tank as theirs and will attack other fish constantly. They can be nasty to smaller peaceful fish also. So keep an eye on it incase it turns into a bully. 
Best of luck with new tank.",reddit/r/Aquariums/comments,https://reddit.com/r/Aquariums/comments/18vjkx2,,analysis,analysis,high,True
"Just so you don't have the same worry/issue I've had recently... I added 6 transparent shrimp to my 10g betta tank and thought she went to town on all of them. It's been 2 weeks and I only ever saw 1 or 2 a couple days after adding them. I switched the tank light on super early this morning before work and saw 3 zooming around! I thought they were all dead! It was very surprising to see that they're not only still alive but had grown quite a bit since adding them. 

Naturally I was like ""oh sh**"" and immediately put some shrimp food in the tank 😂 


But I'd say your betta will most likely snack on some of them so be prepared for that.",reddit/r/bettafish/comments,https://reddit.com/r/bettafish/comments/18ves36,,anecdote,anecdote,high,True
I̶̡̛̦̺̖͍̭̯̞̦̒̀̍͛͌͐̑͐̚͝t̶̼͉͕̺͒͗̈ ̶̢̢̛̫̲̭͍̺̞̞͕͚̫͓̫̇̈́̓́̇́̓̅̌̅̕̕h̷̢̢̛̟̙̤̪̠͆̍̾͆͛̽̋͜a̸̧̢̘̙̱̻͕̗̮̠̯̳̺͒̋̑͜s̵̢̨̱̠͖͎̫͔͚͇̗̘̰̤̎̌͂͊̃́̽̌͌͑̚ͅ ̷̘̕ḅ̶̨̧̥͔͙̝̮̜͚̬̩̬̞̈́̈́̽̾̔͑͌̇̇͋͗̇͝ě̵̬̲͂̒͗́̽͐̓̎̏̅̇̽͝͠g̵͙͔͋̈́́̿̑̆͗̇͒͛͘͝͝ȗ̴̧̳̪͎̪̩̥̬̝̦̝̱͍͓̖̒̆̓̋̎̒̃́̑͝ņ̴̡̻̤̪͂̓̂͒͂̽̓͊̎̓́́̕͠͝,reddit/r/Aquariums/comments,https://reddit.com/r/Aquariums/comments/rt2162,,anecdote,anecdote,high,True
"Agree with others who say they dont look like shit.  If you go to a lake or River, plants get spots, leaves wilt, etc.  Go to your fish store next time with a critical eye and you’ll see the same.  Yours look good.  Also agree with others not to bury the rhizomes on the Anubias and Java ferns or they will stop looking good.  I just work mine half way or so into the substrate, enough so they don’t float, and then they will sprout “roots” that anchor themselves in the substrate.

I will say a very lush tank was impossible for me without an actual CO2 setup.  I also started out without real co2 and tried to dose carbon boosters.  It did not work at all.  Some people make amazing planted tanks without CO2.  I couldn’t.  So I caved and got CO2 and my plants exploded.  If you don’t want to mess with that, just get comfortable with kind a minimalist planted look.  That can look awesome too.  Group them together glued on some large hardscape in the center or on the side or something and have the rest be open water and substrate.  I think anubias and ferns look great, they are hardy and will grow, just very slowly, but that actually helps with maintenance.  I have to take out a lot of sprite, Amazon sword leaves and water lettuce every week or my plants stop getting any light.",reddit/r/Aquariums/comments,https://reddit.com/r/Aquariums/comments/rsvpnu,,anecdote,analysis,high,False
"I have one around me and it's maybe 45 for their best stock.  Buying their terrible stock encourages their terrible treatment of their fish and opens you up to having fish with disease and illness, it's not doing them any favors",reddit/r/bettafish/comments,https://reddit.com/r/bettafish/comments/18uwzwv,,analysis,anecdote,medium,False
"Black beard algae in a 5gal planted shrimp tank.

As the title states, I’ve got a black beard algae problem. It hasn’t gotten to the point where it’s killing anything, but it’s  growing on pretty much all of my plants now, and it’s getting pretty unsightly. I’ve been trying to spot treat it with liquid co2 with some success, but due to the small size of the tank, I can only use a small dose per day (enough to treat maybe one small plant). I’ve got the light on for two three hour intervals, one in the morning and one in the afternoon. So my question is, what’s the best way to treat a BBA outbreak that won’t kill my shrimp, and doesn’t require ripping up my plants?",reddit/r/PlantedTank,https://reddit.com/r/PlantedTank/comments/rt6fbv/black_beard_algae_in_a_5gal_planted_shrimp_tank/,,analysis,analysis,medium,True
"Lots of CO2, balanced nutrients and good lights. :) drop checkers are a must, though! Always making sure I’m not diffusing too much CO2 as to harm my wildlife.

(Edited for spelling)",reddit/r/PlantedTank/comments,https://reddit.com/r/PlantedTank/comments/1005s9d,,analysis,anecdote,medium,False
Yeh the tap is perfect for neos. So I thought……. Just can’t keep any shrimplets…… I feed powdered food. I mix the food in tank water in an empty water bottle and then pour it all around the tank to ensure all nooks get something. But still no surviving shrimplets,reddit/r/shrimptank/comments,https://reddit.com/r/shrimptank/comments/18vh6uz,,anecdote,anecdote,high,True
"It depends on water parameters in your tanks. If your Kh, Gh and Ph lvls are the same then crypts should be fine and avoid melting",reddit/r/PlantedTank/comments,https://reddit.com/r/PlantedTank/comments/18v3e98,,analysis,analysis,high,True
"Hello, sorry but the video won't load for me. But if it is like rainbow oily stuff then it is probably a 'protein film'.  it's not harmful but not pretty to look at. It's caused by too much proteins in the water like fish waste or food etc...

You could get rid of it by creating more surface agitation or using a paper towel and laying it on the surface and picking it up quickly. The best way to get rid of it tho, is a surface skimmer. Also I recommend you to do a small water change.

If you ever get bubbles sticking to the walls and decor on top of the water and you don't have a betta or gouramis then you also have a protein film but air is getting stuck between the water and film so just use the same methods. 

Hope I helped. Happy New year!",reddit/r/Aquariums/comments,https://reddit.com/r/Aquariums/comments/rt5pr6,,analysis,analysis,high,True
"Tank size: 15g
Heater and filter: yes
Tank temp: 76F

Parameters via API liquid tests:
Ammonia 0-0.25
Nitrites 0
Nitrates 0

Tank: since October 10
Fish: 16 days

Water change: every two weeks, about 15%. I warm up the new water with an auto heater before adding.

Tank mates: four nerites and bladder snails 

Feed: rotate between frozen blood worms (2), freeze dried daphnia (3 specks?), freeze dried mysis (1.5) and pellets (3). One-two day fast on the weekend

Decor: driftwood with knots sanded down, ceramic mushroom cave with edges sanded down, Anubias and other plants. Full tank shot in post.",reddit/r/bettafish/comments,https://reddit.com/r/bettafish/comments/18vi0a1,,analysis,anecdote,high,False
"For sure but, if you want temperature control I think, this or a boyu 25w would be the smallest, I had the boyu on a 5g a while back",reddit/r/shrimptank/comments,https://reddit.com/r/shrimptank/comments/18vjcva,,analysis,anecdote,high,False
"Prefacing this with that salinity is only an issue if you’ve had the tank set up for awhile without any water change.

I use the water from the tap so it will naturally have small amounts of salt, since the only “major” maintenance I have to do is top up the water from evaporation, over time it’ll concentrate. Typically not an issue unless it’s been dry for awhile. 

I have a salinity test, similar to other test kits. You’ll notice plants start to yellow if salts too high.",reddit/r/PlantedTank/comments,https://reddit.com/r/PlantedTank/comments/18vachz,,analysis,analysis,high,True
"While I clicked for the obvious, only if he is brave, the real answer is depends.

Depends on the type of wood, parts look like they have leaves, which means they probably have sap still. Some types of wood are toxic to fish so you'll have to do some homework.

It is possible, but the prep takes a while",reddit/r/Aquariums/comments,https://reddit.com/r/Aquariums/comments/18vh0n3,,analysis,analysis,high,True
"Dirted tank

I want to start a dirted tank for a pair of fish but I only want to set it up once. I know you make mud and press it into the bottom before putting substrate in, but what kind of soil should I use with which substrate? I've seen people do similar with just stuff from outside but I'm sure I can make sure the soil, substrate, and water has everything for the fish and the plants by buying it lol just don't know what to get. I should mention I don't trust my tap water due to issues with cycling a different tank, so I'll be using distilled water and adding minerals",reddit/r/Aquariums,https://reddit.com/r/Aquariums/comments/1tt9lgi/dirted_tank/,,anecdote,analysis,medium,False
"Reduced flow.

I just hooked my oase 600 and oase 850 on my 72 gallon waterbox. i have a gla co2 reactor hooked up to my oase 850. turned everything on. pumped the filter. and theres barely any sort of movement coming from the 850. i can see the plant a tiny bit moving with the air but nothing on surface. is that because the reactor lowered the flow? and if so is that an issue? or no?",reddit/r/PlantedTank,https://reddit.com/r/PlantedTank/comments/rsjn9v/reduced_flow/,,analysis,anecdote,medium,False
"Fish emergency question!

I had a ich outbreak in my 55 gallon tank. My gold fish got hit the hardest and I’ve been treating for 6 days now. I noticed his health still rapidly declining and today he looked horrible as a result of a fungal infection. I quarantined him asap and I’m continuing to treat my 55 gallon for ich. My question is SHOULD I TREAT IT FOR FUNGAL ISSUES just as a precaution? Thank you!",reddit/r/Aquariums,https://reddit.com/r/Aquariums/comments/rt3dxx/fish_emergency_question/,,analysis,anecdote,medium,False
"It is, and that's not even the most expensive, the black roses go for $15 per shrimp!!",reddit/r/shrimptank/comments,https://reddit.com/r/shrimptank/comments/18us9jn,,anecdote,anecdote,high,True
"Because that is what it’s available to fill our 5 gallon jugs with at the water kiosk. We live in an area where the tap water will never be acceptable, no matter how long it sits out",reddit/r/Aquariums/comments,https://reddit.com/r/Aquariums/comments/1003q8a,,analysis,anecdote,high,False
